{
  "122": {
    "class_type": "WanVideoModelLoader",
    "inputs": {
      "model": "Wan2_2-I2V-A14B-HIGH_fp8_e4m3fn_scaled_KJ.safetensors",
      "base_precision": "bf16",
      "quantization": "fp8_e4m3fn",
      "load_device": "offload_device",
      "attention_mode": "sageattn",
      "rms_norm_function": "default"
    }
  },
  "129": {
    "class_type": "WanVideoVAELoader",
    "inputs": {
      "model_name": "Wan2_1_VAE_bf16.safetensors",
      "precision": "bf16"
    }
  },
  "130": {
    "class_type": "WanVideoDecode",
    "inputs": {
      "enable_vae_tiling": false,
      "tile_x": 272,
      "tile_y": 272,
      "tile_stride_x": 144,
      "tile_stride_y": 128,
      "normalization": "default",
      "vae": ["129", 0],
      "samples": ["540", 0]
    }
  },
  "131": {
    "class_type": "VHS_VideoCombine",
    "inputs": {
      "frame_rate": 16,
      "loop_count": 0,
      "filename_prefix": "WanVideo_X264",
      "format": "video/h264-mp4",
      "pix_fmt": "yuv420p",
      "crf": 19,
      "save_metadata": true,
      "trim_to_audio": true,
      "pingpong": false,
      "save_output": true,
      "images": ["612", 0]
    }
  },
  "135": {
    "class_type": "WanVideoTextEncode",
    "inputs": {
      "positive_prompt": "",
      "negative_prompt": "bright tones, overexposed, static, blurred details",
      "force_offload": true,
      "use_disk_cache": false,
      "device": "gpu",
      "t5": ["136", 0]
    }
  },
  "136": {
    "class_type": "LoadWanVideoT5TextEncoder",
    "inputs": {
      "model_name": "umt5-xxl-enc-bf16.safetensors",
      "precision": "bf16",
      "load_device": "offload_device",
      "quantization": "disabled"
    }
  },
  "171": {
    "class_type": "ImageResizeKJv2",
    "inputs": {
      "width": ["235", 0],
      "height": ["236", 0],
      "upscale_method": "lanczos",
      "keep_proportion": "crop",
      "pad_color": "0, 0, 0",
      "crop_position": "center",
      "divisible_by": 2,
      "device": "cpu",
      "per_batch": 0,
      "image": ["244", 0]
    }
  },
  "173": {
    "class_type": "CLIPVisionLoader",
    "inputs": {
      "clip_name": "clip_vision_h.safetensors"
    }
  },
  "193": {
    "class_type": "WanVideoClipVisionEncode",
    "inputs": {
      "strength_1": 1.0,
      "strength_2": 1,
      "crop": "center",
      "combine_embeds": "average",
      "force_offload": true,
      "tiles": 0,
      "ratio": 0.5,
      "clip_vision": ["173", 0],
      "image_1": ["171", 0]
    }
  },
  "220": {
    "class_type": "WanVideoSampler",
    "inputs": {
      "steps": ["569", 0],
      "cfg": ["570", 0],
      "shift": 9,
      "seed": 903379117,
      "force_offload": true,
      "scheduler": "dpm++_sde",
      "denoise_strength": 1,
      "model": ["556", 0],
      "image_embeds": ["541", 0],
      "text_embeds": ["135", 0],
      "context_options": ["498", 0]
    }
  },
  "235": { "class_type": "INTConstant", "inputs": { "value": 480 } },
  "236": { "class_type": "INTConstant", "inputs": { "value": 832 } },
  "244": {
    "class_type": "LoadImage",
    "inputs": { "image": "example_image.png" }
  },

  "279": {
    "class_type": "WanVideoLoraSelectMulti",
    "inputs": {
      "lora_0": "high_noise_model.safetensors",
      "strength_0": 1.0,

      "lora_1": "tenexa-wan22-lora.safetensors",
      "strength_1": 1.0,

      "lora_2": "none",
      "strength_2": 1.0,

      "lora_3": "none",
      "strength_3": 1.0,

      "lora_4": "none",
      "strength_4": 1.0,

      "low_mem_load": false,
      "merge_loras": false
    }
  },

  "498": {
    "class_type": "WanVideoContextOptions",
    "inputs": {
      "context_schedule": "static_standard",
      "context_frames": 81,
      "context_stride": 4,
      "context_overlap": 48,
      "freenoise": true,
      "verbose": false,
      "fuse_method": "linear"
    }
  },

  "525": {
    "class_type": "WanVideoEnhancedBlockSwap",
    "inputs": {
      "blocks_to_swap": 0,
      "enable_cuda_optimization": true,
      "enable_dram_optimization": true,
      "vram_threshold_percent": 90
    }
  },

  "540": {
    "class_type": "WanVideoSampler",
    "inputs": {
      "steps": ["569", 0],
      "cfg": 1,
      "shift": 9,
      "seed": 391376475,
      "force_offload": true,
      "scheduler": "dpm++_sde",
      "denoise_strength": 1,
      "model": ["552", 0],
      "image_embeds": ["541", 0],
      "text_embeds": ["135", 0],
      "samples": ["220", 0],
      "context_options": ["498", 0]
    }
  },

  "541": {
    "class_type": "WanVideoImageToVideoEncode",
    "inputs": {
      "width": ["235", 0],
      "height": ["236", 0],
      "num_frames": 241,
      "force_offload": true,
      "vae": ["129", 0],
      "clip_embeds": ["193", 0],
      "start_image": ["171", 0]
    }
  },

  "549": {
    "class_type": "WanVideoModelLoader",
    "inputs": {
      "model": "Wan2_2-I2V-A14B-LOW_fp8_e4m3fn_scaled_KJ.safetensors",
      "base_precision": "bf16",
      "quantization": "fp8_e4m3fn",
      "load_device": "offload_device",
      "attention_mode": "sageattn",
      "block_swap_args": ["525", 0]
    }
  },

  "552": {
    "class_type": "WanVideoSetLoRAs",
    "inputs": {
      "model": ["549", 0],
      "lora": ["553", 0]
    }
  },

  "553": {
    "class_type": "WanVideoLoraSelectMulti",
    "inputs": {
      "lora_0": "low_noise_model.safetensors",
      "strength_0": 1,
      "lora_1": "tenexa-wan22-lora.safetensors",
      "strength_1": 1,
      "lora_2": "none",
      "strength_2": 1,
      "lora_3": "none",
      "strength_3": 1,
      "lora_4": "none",
      "strength_4": 1
    }
  },

  "556": {
    "class_type": "WanVideoSetLoRAs",
    "inputs": {
      "model": ["122", 0],
      "lora": ["279", 0]
    }
  },

  "569": { "class_type": "INTConstant", "inputs": { "value": 8 } },
  "570": {
    "class_type": "CreateCFGScheduleFloatList",
    "inputs": {
      "steps": ["569", 0],
      "cfg_scale_start": 2,
      "cfg_scale_end": 2,
      "interpolation": "linear",
      "start_percent": 0,
      "end_percent": 0.01
    }
  },
  "612": {
    "class_type": "WanVideoDecode",
    "inputs": {
      "vae": ["129", 0],
      "samples": ["540", 0]
    }
  }
}
